{
  "accuracy": 0.9607407450675964,
  "loss": 0.2349712997674942,
  "val_accuracy": 0.9761666655540466,
  "val_loss": 0.18389151990413666,
  "epoch": 6,
  "global_step": 2954
}