{
  "accuracy": 0.9628703594207764,
  "loss": 0.30561330914497375,
  "val_accuracy": 0.9758333563804626,
  "val_loss": 0.2581263482570648,
  "epoch": 9,
  "global_step": 4220
}