{
  "accuracy": 0.9605740904808044,
  "loss": 0.2078261524438858,
  "val_accuracy": 0.9793333411216736,
  "val_loss": 0.15493161976337433,
  "epoch": 7,
  "global_step": 3376
}