{
  "accuracy": 0.9840370416641235,
  "loss": 0.05468599870800972,
  "val_accuracy": 0.9789999723434448,
  "val_loss": 0.06709189713001251,
  "epoch": 4,
  "global_step": 2110
}