{
  "accuracy": 0.9621296525001526,
  "loss": 0.22795222699642181,
  "val_accuracy": 0.9766666889190674,
  "val_loss": 0.1788729727268219,
  "epoch": 8,
  "global_step": 3798
}