{
  "accuracy": 0.9619073867797852,
  "loss": 0.2323717325925827,
  "val_accuracy": 0.9793333411216736,
  "val_loss": 0.18462005257606506,
  "epoch": 6,
  "global_step": 2954
}